{"cameraMode":{"drawMode":0,"name":"Shaded","section":"Shading Mode"},"sceneLighting":false,"audioPlay":false,"sceneViewState":{"showFog":true,"showMaterialUpdate":false,"showSkybox":false,"showFlares":true,"showImageEffects":true,"showParticleSystems":true},"in2DMode":false,"pivot":{"x":-0.51531982421875,"y":0.914794921875,"z":0.1268042027950287},"rotation":{"x":0.1594664752483368,"y":0.6754040122032166,"z":-0.15309038758277894,"w":0.7035358548164368},"size":0.6916159987449646,"orthographic":true}